Type,data1,data2
1,4.336531292105946,3.3407620715769553
2,4.341596082543011,3.415975484295008
3,4.344372702869461,3.418154294635806
4,4.139787492855213,4.0597068866027115
5,4.240958525758456,2.5203208811839684
